index,Dissolved oxygen,pH,Conductivity,Nitrate,Fecal coliform,Total coliform,Biological oxygen demand,WQI
0,7.7,7.05,23.3,0.03,33.2,816.4,1.0,43.83924549679858
1,8.1,7.27,15.0,0.03,63.0,6867.0,1.0,47.730094139172024
2,7.0,6.65,22.4,0.03,1664.0,24192.0,1.0,81.52703473766475
3,7.36,6.61,15.03,0.05,631.0,5475.0,1.0,52.09864894265676
4,7.12,6.85,28.0,0.05,26.3,1299.7,1.0,43.11565076452266
5,5.33,6.86,53.1,0.06,203.0,3428.0,1.0,56.28886212724176
6,5.13,6.66,59.1,0.11,2400.0,19863.0,1.2,107.81421529936934
7,6.24,6.91,37.4,0.04,4611.0,24196.0,1.0,154.91946218864842
8,7.0,6.08,7.48,0.09,10.0,24192.0,1.0,35.03324072779047
9,5.28,7.1,6.38,0.1,389.0,1464.0,1.0,64.37073902212765
10,6.27,6.87,56.9,0.1,134.0,1793.0,1.0,50.05654738975592
11,7.45,7.08,39.3,0.1,74.0,3255.0,1.0,47.016467823834176
12,7.38,6.52,10.82,0.1,171.0,2489.0,1.0,39.60407868786525
13,5.9,6.31,59.0,0.1,3654.0,24192.0,1.0,124.97268438627442
14,9.51,6.63,22.0,0.1,110.0,4106.0,1.0,30.276443769166875
15,3.99,6.84,282.0,0.1,379.0,12997.0,1.0,68.45597830978248
16,3.4,6.82,58.0,0.1,487.0,24192.0,2.0,84.61739103882066
17,5.8,5.87,213.0,0.02,10.0,10.0,1.0,31.847655821138655
18,6.3,6.7,4.0,0.02,1203.0,1733.0,1.0,70.58506979032856
19,5.5,6.0,2.9,0.02,10.0,855.0,1.0,35.687863219536766
20,5.4,6.34,11.0,0.02,17.0,179.0,1.0,42.07747210007971
21,5.3,4.82,3.0,0.02,20.0,576.0,1.0,16.328261407607176
22,6.12,5.73,4.51,0.02,1.0,41.0,1.0,27.639712353065644
23,6.0,7.34,5.0,0.02,31.0,520.0,1.0,56.93196588925895
24,7.3,5.24,3.68,0.02,10.0,328.0,1.0,13.720338078164504
25,7.07,5.09,7.8,0.03,41.0,512.0,1.0,12.952052258266836
26,6.4,5.28,3.45,0.02,41.0,474.0,1.0,19.462760363037162
27,7.27,5.21,3.58,0.02,20.0,6131.0,1.0,14.84945504862222
28,5.8,5.14,3.35,0.03,10.0,218.0,1.0,19.177705441532595
29,5.1,5.26,5.05,0.02,85.0,12033.0,1.0,28.90195968535587
30,6.48,5.3,3.26,0.02,10.0,960.0,1.0,18.846499621134615
31,7.57,6.39,8.99,0.09,85.0,2247.0,1.0,34.47532077983658
32,6.18,5.13,5.46,0.1,74.0,882.0,1.0,18.747380683679417
33,7.27,6.2,3.0,0.1,10.0,691.0,0.0,21.764283364469893
34,5.96,5.27,3.43,0.09,41.0,448.0,1.0,21.407891828205017
35,6.21,5.4,3.95,0.1,10.0,246.0,1.0,21.73204621437883
36,8.36,5.03,7.71,0.1,20.0,1039.0,1.0,5.364043037276113
37,5.74,4.77,5.0,0.1,52.0,2143.0,2.0,23.25985013645302
38,5.62,4.84,4.0,0.1,10.0,959.0,1.0,15.008324787550306
39,6.0,5.45,8.0,0.1,10.0,187.0,1.0,23.598036307629187
40,2.75,5.69,48.0,0.1,10.0,201.0,1.0,43.41122279324545
41,3.65,5.24,2.0,0.1,10.0,402.0,1.0,31.304992665859473
42,4.03,5.6,2.0,0.2,63.0,1722.0,1.0,37.20134552410595
43,7.2,5.9,5.0,0.02,17.0,649.0,1.0,25.883355400040482
44,7.5,5.72,4.0,0.02,12.0,461.0,1.0,21.163320849362783
45,5.8,6.43,4.9,0.02,187.0,1203.0,1.0,45.702651337222896
46,7.9,5.4,3.0,0.02,10.0,471.0,1.0,13.642408759266903
47,7.4,5.09,3.0,0.02,5.0,214.0,1.0,10.499650251775677
48,7.93,5.27,8.9,0.02,2.0,19.7,1.0,10.96604795057727
49,7.8,5.44,4.0,0.02,10.0,504.0,1.0,14.825310135759866
50,7.2,5.22,4.0,0.02,10.0,798.0,1.0,13.95837275713373
51,7.65,5.27,3.11,0.03,10.0,512.0,1.0,12.5989106174681
52,7.3,5.24,3.7,0.02,10.0,780.0,1.0,13.820371432712063
53,7.23,5.17,7.92,0.04,10.0,631.0,1.0,12.912285714804783
54,7.39,5.36,4.48,0.02,20.0,959.0,1.0,15.731327394747824
55,5.04,4.82,6.82,0.02,63.0,24196.0,1.0,23.75872754492441
56,7.85,3.62,2.58,0.09,10.0,663.0,1.0,-16.962623385035677
57,6.19,5.2,5.61,0.1,31.0,663.0,1.0,18.914233091158565
58,7.09,5.3,3.64,0.09,10.0,471.0,2.0,24.663464712274735
59,7.04,5.19,5.77,0.1,10.0,1106.0,1.0,14.284705156300495
60,7.31,5.55,3.52,0.1,10.0,226.0,1.0,19.03906217976023
61,7.38,5.57,3.66,0.1,41.0,384.0,1.0,19.770474661019605
62,7.05,6.06,4.0,0.1,10.0,1880.0,2.0,38.360281296711825
63,6.46,5.15,5.0,0.1,10.0,596.0,1.0,16.26772792993884
64,6.85,4.83,13.0,0.1,74.0,1789.0,1.0,10.5193176761731
65,5.24,5.57,1.0,0.1,20.0,1793.0,1.0,29.91236326747142
66,4.3,5.34,10.0,0.1,63.0,3255.0,1.0,31.71964853004147
67,4.55,4.96,4.0,0.2,31.0,1789.0,1.0,22.898220932878083
68,8.4,7.56,15.0,0.02,30.0,1300.0,1.0,49.35698513299279
69,8.6,8.22,9.0,0.07,12.0,317.0,1.0,59.2387303691555
70,6.1,7.3,6.1,0.04,34.0,387.0,1.0,55.7959755448059
71,7.0,6.76,3.0,0.02,30.0,1597.0,1.0,42.269688701510546
72,7.3,6.25,3.0,0.02,15.0,461.0,1.0,31.390936550740292
73,8.65,5.51,6.65,0.03,1.0,109.2,1.0,11.666149485030964
74,8.2,7.85,3.0,0.02,10.0,754.0,1.0,54.786635953555674
75,7.8,5.49,2.4,0.02,20.0,794.0,1.0,15.9782915058131
76,8.13,5.39,3.03,0.03,41.0,1281.0,1.0,13.228717116064441
77,8.18,5.35,2.14,0.03,10.0,884.0,1.0,11.519793374705262
78,8.18,6.01,5.76,0.04,20.0,1376.0,1.0,23.307552885749523
79,8.05,5.79,2.5,0.02,41.0,5794.0,1.0,21.55395911873481
80,8.44,4.78,7.17,0.02,86.0,12997.0,1.0,4.737972652865405
81,7.26,5.47,4.92,0.02,30.0,1860.0,1.0,18.68682326426272
82,6.98,6.94,11.84,0.09,521.0,4360.0,1.0,56.977224786935395
83,8.51,5.36,2.32,0.1,52.0,640.0,1.0,10.988920505630857
84,31.5,5.21,3.91,0.1,96.0,2755.0,7.8,-40.58146375211444
85,8.02,5.37,4.76,0.09,63.0,1354.0,2.0,22.772857055532636
86,8.5,5.39,4.39,0.1,20.0,426.0,1.0,10.802672501067692
87,8.35,5.71,2.26,0.1,10.0,5172.0,1.0,17.907111799665046
88,8.29,5.86,2.58,0.1,10.0,529.0,1.0,19.771893067588135
89,8.81,6.44,3.0,0.1,20.0,657.0,1.0,27.587044425214685
90,7.88,6.03,21.0,0.1,10.0,961.0,1.0,24.794760910931572
91,8.82,4.89,9.0,0.1,10.0,644.0,1.0,0.41258846946771766
92,5.59,5.29,1.0,0.1,20.0,2613.0,1.0,23.550018852430608
93,4.9,6.9,28.0,0.1,41.0,1616.0,1.0,55.064555418040435
94,6.26,5.65,5.0,0.2,10.0,1565.0,1.0,26.13383234277717
95,7.2,5.82,7.0,0.02,144.0,2419.0,1.0,27.697484073958552
96,7.3,6.14,5.0,0.05,81.0,308.0,1.0,30.91211750808041
97,5.7,6.24,5.4,0.02,249.0,1120.0,1.0,44.23971769288734
98,7.1,5.23,5.0,0.02,199.0,2481.0,1.0,19.168336734876426
99,6.7,5.0,5.0,0.02,88.0,187.0,1.0,14.13644710083437
100,7.6,5.18,4.83,0.02,9.8,81.3,1.0,11.176865448917038
101,7.0,7.67,6.0,0.02,20.0,959.0,1.0,57.702813267583224
102,6.7,5.16,4.6,0.02,20.0,1313.0,1.0,15.657820625481442
103,6.9,5.09,4.45,0.02,156.0,1254.0,1.0,16.47726730838998
104,7.0,5.0,4.52,0.03,160.0,631.0,1.0,14.385793358354382
105,6.87,5.18,4.57,0.04,148.0,1017.0,1.0,17.95645482257473
106,6.87,4.98,4.58,0.02,41.0,6131.0,1.0,13.24665445646865
107,6.86,4.91,5.35,0.41,249.0,5794.0,1.0,16.651081016049577
108,6.12,5.07,4.41,0.02,74.0,1565.0,1.0,18.136785802498647
109,6.84,5.76,4.65,0.09,132.0,1187.0,1.0,27.856915691692738
110,6.43,5.15,5.23,0.1,185.0,3076.0,1.0,20.83373955730469
111,7.0,5.19,4.47,0.1,74.0,1106.0,1.0,15.893193611317955
112,6.67,5.14,4.62,0.09,148.0,1439.0,1.0,18.32322295940956
113,7.08,5.35,5.31,0.1,203.0,1050.0,1.0,21.128054701745878
114,8.4,5.13,6.72,0.1,216.0,1842.0,1.0,11.422339802693724
115,6.88,5.41,5.09,0.1,155.0,1106.0,1.0,22.08175715966122
116,6.69,5.93,5.0,0.1,107.0,6015.0,1.0,32.045625118089724
117,6.01,5.51,7.0,0.1,74.0,1576.0,1.0,26.314859858940775
118,8.35,4.73,12.0,0.1,98.0,2046.0,1.0,2.1549887668022953
119,4.23,5.31,1.0,0.1,122.0,2063.0,1.0,32.57560358523199
120,3.99,5.31,28.0,0.1,226.0,2909.0,1.0,36.22497564836149
121,5.32,4.95,5.0,0.2,108.0,3076.0,1.0,21.00930205339165
122,6.7,5.6,5.0,0.02,25.0,1733.0,1.0,23.498628887457834
123,7.2,5.32,3.0,0.03,30.0,579.0,1.0,16.089094169358273
124,5.6,5.79,3.5,0.02,122.0,770.0,1.0,34.02169523809124
125,7.3,5.43,4.0,0.0298,20.0,496.0,1.0,17.277809445389156
126,7.2,4.9,4.0,0.02,26.0,291.0,1.0,8.645987024664407
127,7.17,5.18,8.39,0.03,1.0,209.8,1.0,13.081138370202478
128,7.1,5.14,4.8,0.04,31.0,2613.0,1.0,13.919662398945942
129,6.67,5.35,3.76,0.03,31.0,1046.0,1.0,19.285248657550415
130,6.64,5.14,3.81,0.03,20.0,2481.0,1.0,15.858734625346724
131,6.52,5.12,2.13,0.02,31.0,480.0,1.0,15.88804618405283
132,6.78,3.27,4.66,0.02,10.0,1234.0,1.0,-17.770732916120245
133,6.19,5.48,3.57,0.02,20.0,1106.0,1.0,23.619628884313446
134,6.78,5.2,5.0,0.09,223.0,1178.0,1.0,20.437541946308727
135,7.61,5.4,2.5,0.1,10.0,226.0,1.0,14.991992423111709
136,7.11,5.64,2.4,0.1,181.0,3609.0,1.0,26.096087508538783
137,7.12,5.3,4.62,0.005,30.0,960.0,1.0,16.20876977632548
138,7.12,5.44,4.56,0.1,86.0,785.0,1.0,19.84970011331024
139,6.86,5.31,4.99,0.1,20.0,624.0,1.0,17.347986677033393
140,6.71,5.06,3.0,0.1,30.0,471.0,1.0,13.917356576186187
141,5.84,4.84,6.0,0.1,10.0,3448.0,1.0,14.501185047856387
142,6.78,4.9,13.0,0.1,41.0,1515.0,1.0,11.280142842449024
143,4.45,5.81,1.0,0.1,20.0,428.0,1.0,37.57662457222171
144,3.74,5.12,4.0,0.2,63.0,2098.0,1.0,30.34876397092282
145,8.5,7.82,5.0,0.04,2.0,1553.0,1.0,52.82505012873877
146,8.6,7.71,3.0,0.05,10.0,601.0,1.0,50.40168872498876
147,7.8,4.3,2.1,0.02,50.0,1300.0,1.0,-3.9008277663461333
148,8.2,5.66,3.0,0.02,199.0,7270.0,1.0,22.399237203266384
149,8.8,5.71,2.0,0.02,3.0,261.0,1.0,14.49166058050393
150,8.16,5.71,6.46,0.02,2.0,74.8,1.0,17.508308104476846
151,8.0,5.8,3.0,0.02,10.0,1872.0,1.0,20.414198137228922
152,8.0,5.03,2.8,0.02,10.0,1112.0,1.0,6.881001828504096
153,7.8,6.29,2.62,0.02,10.0,759.0,1.0,29.634966262813794
154,7.74,5.86,2.9,0.02,10.0,583.0,1.0,22.42118481377321
155,7.9,5.54,2.15,0.03,10.0,754.0,1.0,16.135935294726796
156,7.7,5.46,2.59,0.02,52.0,789.0,1.0,16.645776991887164
157,7.41,4.89,5.7,0.02,108.0,1918.0,1.0,9.637240263397377
158,6.73,6.02,2.51,0.02,10.0,399.0,1.0,30.01655648133707
159,7.12,5.73,2.85,0.09,41.0,907.0,1.0,23.91292161071311
160,7.28,5.44,3.0,0.1,10.0,120.0,1.0,17.250536735267712
161,7.11,5.73,3.42,0.1,52.0,1551.0,1.0,24.34820226785377
162,7.85,5.88,1.9,0.09,10.0,845.0,1.0,22.30453404380025
163,8.36,5.74,3.33,0.1,1.0,435.0,1.0,17.132467389277963
164,8.26,5.73,1.88,0.1,41.0,228.0,1.0,18.279070961443225
165,7.81,5.49,2.57,0.1,10.0,1650.0,1.0,15.907095001646283
166,8.75,5.7,2.0,0.1,20.0,1376.0,1.0,15.190346926648537
167,7.28,5.23,4.0,0.1,10.0,354.0,1.0,13.657553340220282
168,10.01,5.19,8.0,0.1,20.0,882.0,1.0,0.16845736807212633
169,5.18,6.13,1.0,0.1,41.0,1355.0,1.0,40.28879698853034
170,4.48,5.95,42.0,0.1,10.0,1585.0,1.0,39.9061076075497
171,5.29,7.43,2.0,0.2,20.0,2247.0,1.0,62.06763144574244
172,8.3,5.82,4.0,0.02,13.0,1733.0,1.0,19.353911040844224
173,8.6,5.7,3.0,0.04,6.0,206.0,1.0,15.336902570806327
174,6.5,6.6,6.7,0.02,50.0,345.0,1.0,42.06437392810865
175,7.9,5.15,2.0,0.02,8.0,228.0,1.0,9.20487693792925
176,7.4,5.09,17.0,0.02,34.0,1300.0,1.0,11.384862008313513
177,6.5,5.05,3.0,0.03,9.0,488.0,1.0,14.285457669655099
178,6.8,4.55,2.6,0.02,79.0,345.0,1.0,5.679923877546679
179,7.6,4.81,3.0,0.02,9.0,131.0,1.0,4.747630477266955
180,7.66,5.73,5.55,0.02,1.0,88.4,1.0,20.24159473989237
181,8.3,5.67,4.0,0.02,10.0,473.0,1.0,16.40511446597729
182,7.86,5.41,2.32,0.03,10.0,591.0,1.0,14.035915751017109
183,7.38,5.64,2.12,0.03,10.0,288.0,1.0,20.27019621145803
184,7.63,5.88,2.67,0.02,10.0,422.0,1.0,23.261848686744433
185,7.32,4.95,7.15,0.02,20.0,252.0,1.0,8.795814198954767
186,6.73,6.02,2.51,0.02,20.0,169.0,1.0,30.186959744470606
187,6.38,5.38,4.42,0.09,240.0,2602.0,1.0,26.17741414401859
188,7.79,5.35,2.25,0.1,10.0,327.0,1.0,13.280466008257052
189,7.48,5.83,5.27,0.09,10.0,278.0,2.0,31.944109350316452
190,7.75,5.98,2.51,0.1,10.0,175.0,1.0,24.374291595882713
191,7.45,5.62,3.36,0.1,20.0,327.0,1.0,19.824147151536085
192,7.54,6.65,1.8,0.1,1.0,213.0,1.0,36.822919851595465
193,7.86,5.96,2.0,0.1,10.0,529.0,1.0,23.57617542598946
194,6.61,7.29,3.0,0.1,10.0,160.0,1.0,52.59333681173956
195,6.77,5.08,5.0,0.1,10.0,52.0,1.0,13.440953230040463
196,5.19,5.45,3.0,0.1,20.0,1134.0,2.0,36.77678028295696
197,5.1,7.48,15.0,0.2,41.0,1553.0,1.0,64.16359233694116
198,8.0,5.44,14.0,0.02,26.0,2419.0,1.0,14.643216304319877
199,8.2,5.62,4.0,0.03,4.0,21.0,1.0,15.78663531070036
200,7.5,5.5,3.1,0.02,116.0,435.0,1.0,19.640357848899935
201,8.1,6.77,2.0,0.0352,10.0,985.0,1.0,36.574629386928464
202,8.2,4.8,2.0,0.02,7.0,194.0,1.0,1.6569596633450618
203,7.9,5.5,2.27,0.02,1.0,40.8,1.0,15.08357936502945
204,8.5,8.14,7.0,0.05,160.0,24196.0,1.0,66.8884043227268
205,6.9,6.56,11.9,0.04,309.0,24192.0,1.0,50.45821061015911
206,7.75,5.36,3.06,0.03,10.0,717.0,1.0,13.725311702789547
207,7.77,5.3,2.18,0.03,10.0,565.0,1.0,12.553834644338897
208,7.71,5.44,2.58,0.02,10.0,546.0,1.0,15.26727462037997
209,7.61,5.86,2.59,0.03,20.0,2481.0,1.0,23.688966331221973
210,7.48,4.84,6.02,0.02,63.0,93.0,1.0,7.032949984878922
211,7.15,5.58,2.45,0.02,10.0,697.0,1.0,20.424778389258943
212,6.83,5.25,6.17,0.09,63.0,1669.0,1.0,17.632921578011334
213,7.67,5.45,2.55,0.1,10.0,354.0,1.0,15.599528920173594
214,7.1,5.49,2.99,0.1,20.0,229.0,2.0,28.081899733089283
215,7.92,5.45,3.0,0.09,10.0,24192.0,3.0,37.375456881458604
216,8.63,5.74,3.38,0.1,10.0,1236.0,1.0,16.209962719842537
217,8.23,5.77,2.74,0.1,10.0,341.0,1.0,18.45684113717748
218,7.53,6.42,3.71,0.1,1.0,613.0,1.0,32.96784159940444
219,7.98,5.6,3.0,0.1,10.0,2894.0,1.0,17.273912589286997
220,6.67,5.21,2.0,0.1,30.0,663.0,1.0,16.755626765755828
221,9.61,4.91,9.0,0.1,10.0,833.0,1.0,-2.9990808426882754
222,5.08,5.74,1.0,0.1,20.0,554.0,1.0,33.35862413452111
223,5.35,5.25,3.0,0.2,31.0,1014.0,1.0,23.911300131533793
224,8.0,7.9,4.0,0.02,30.0,1300.0,1.0,57.18033589469249
225,7.7,7.9,4.0,0.06,110.0,2035.0,1.0,60.5610685219471
226,6.1,7.78,4.3,0.05,142.0,1203.0,1.0,66.69872976193672
227,7.9,5.77,4.0,0.0303,350.0,8704.0,1.0,29.412167238528383
228,7.6,3.0,3.0,0.02,31.0,2187.0,1.0,-25.726843024237326
229,8.22,6.04,5.81,0.02,5.2,275.5,1.0,23.062581468004808
230,7.7,6.07,6.0,0.02,41.0,1054.0,1.0,27.049570572655508
231,6.7,5.82,8.5,0.04,74.0,3255.0,1.0,28.741357149305667
232,6.56,5.98,7.54,0.08,145.0,3076.0,1.0,33.72781936310927
233,7.17,6.31,5.79,0.07,41.0,1789.0,1.0,33.9331431466174
234,7.56,6.16,5.35,0.02,134.0,2282.0,1.0,31.614973147165234
235,5.58,5.82,9.52,0.4,249.0,24196.0,1.0,42.67627738088451
236,6.79,6.57,6.55,0.02,52.0,2613.0,1.0,40.69463288524922
237,6.95,5.53,3.25,0.09,10.0,7270.0,1.0,21.981561657300546
238,6.15,6.03,9.37,0.1,161.0,5172.0,1.0,37.388683100214436
239,6.73,6.3,6.63,0.1,41.0,2382.0,1.0,36.01108003555549
240,7.7,6.77,4.85,0.09,20.0,884.0,1.0,38.70457366639666
241,7.61,6.24,6.14,0.1,20.0,794.0,1.0,29.919759317349158
242,6.63,6.25,4.41,0.1,240.0,5172.0,1.0,40.6451911146636
243,7.21,6.78,6.6,0.1,10.0,1198.0,1.0,41.08516831209676
244,8.04,6.42,4.0,0.2,20.0,4106.0,1.0,31.718745003896267
245,6.91,6.03,3.0,0.1,31.0,563.0,1.0,29.83404051609543
246,6.91,5.41,9.0,0.1,146.0,2755.0,2.0,30.95616791715999
247,4.11,6.75,29.0,0.1,63.0,2613.0,1.0,56.969355660536614
248,4.65,6.31,1.0,0.1,10.0,1793.0,1.0,45.37376008584075
249,6.69,7.21,7.0,0.2,63.0,1968.0,1.0,52.40472971707659
250,9.1,7.08,31.0,0.03,181.0,5172.0,1.0,41.861120006272046
251,9.0,6.83,26.0,0.06,528.0,24196.0,1.0,49.89439118527984
252,6.8,6.29,29.0,0.13,31.0,8164.0,2.0,45.419361089868936
253,7.2,6.7,182.0,0.09,561.0,4374.0,1.0,52.67908394795892
254,7.9,6.4,61.0,0.23,624.0,14136.0,1.0,47.64739265574149
255,7.4,7.28,45.3,0.02,399.0,19862.0,1.0,61.58854156744336
256,6.08,6.57,33.0,0.02,97.0,5012.0,1.0,45.643018081283756
257,6.73,7.0,27.7,0.03,98.0,12033.0,1.0,51.5552796148067
258,8.34,6.85,27.4,0.06,31.0,3873.0,1.0,37.92076325092487
259,8.27,7.11,32.8,0.04,97.0,2382.0,1.0,43.9000188859709
260,6.96,6.81,23.7,0.06,175.0,6488.0,1.0,47.630218382838784
261,6.45,6.7,16.17,0.02,148.0,4884.0,1.0,47.2159885107083
262,6.92,6.33,18.11,0.37,738.0,17329.0,1.0,54.38239298143154
263,6.25,7.03,25.5,0.02,122.0,3255.0,1.0,52.97219060701755
264,7.56,8.29,132.8,0.09,20.0,8164.0,1.0,67.40028722216073
265,6.19,6.83,20.52,0.7,148.0,1793.0,1.0,50.11448269098114
266,6.61,6.92,20.98,0.1,425.0,8164.0,2.0,65.98268959466017
267,7.79,7.21,33.7,0.09,173.0,5475.0,1.0,50.317032043961255
268,7.48,7.47,98.1,0.1,155.0,12996.0,1.0,57.60268454349447
269,8.0,6.94,28.9,0.1,72.0,1624.0,1.0,41.532954131854666
270,7.45,7.0,39.8,0.1,52.0,3448.0,1.0,45.18385601522506
271,7.19,7.22,52.9,0.1,481.0,14136.0,2.0,70.96745776929768
272,7.59,6.41,48.0,0.1,189.0,4352.0,1.0,37.50336311150913
273,5.58,6.94,154.0,0.1,1553.0,24192.0,2.0,99.82454568297509
274,3.65,6.51,38.0,0.1,158.0,5099.0,2.0,66.52332898846998
275,6.3,6.7,52.0,0.1,345.0,17329.0,2.0,63.92020118995313
276,6.15,6.93,54.0,0.1,1296.0,24192.0,1.0,82.34700928338961
277,9.6,7.31,30.0,0.02,10.0,1187.0,1.0,38.780298098993
278,7.9,6.78,20.0,0.09,97.0,5172.0,1.0,40.57229028103399
279,8.8,6.87,40.0,0.06,41.0,6488.0,1.0,36.8576742668934
280,6.7,6.71,35.0,0.02,41.0,1455.0,1.0,43.06420398581471
281,7.6,6.35,91.0,0.09,84.0,1079.0,2.0,42.226363538029645
282,7.2,6.53,56.0,0.57,41.0,3255.0,1.0,37.997560091598494
283,8.32,6.81,22.1,0.02,52.0,24196.0,1.0,42.27942967204876
284,8.19,7.08,54.4,0.05,31.0,505.0,1.0,41.89406874722595
285,7.05,6.63,34.0,0.03,63.0,3873.0,1.0,41.01465833777743
286,7.19,6.58,37.1,0.06,96.0,1850.0,1.0,39.759841444630034
287,8.3,7.0,26.7,0.08,41.0,2310.0,1.0,40.59420182037058
288,8.29,7.13,32.6,0.05,52.0,2723.0,1.0,43.23159175166332
289,6.95,6.8,22.8,0.08,187.0,3784.0,1.0,47.17390369971614
290,6.9,6.31,18.09,0.4,496.0,12997.0,1.0,47.82052846192954
291,6.56,7.18,23.2,0.02,122.0,5172.0,1.0,54.50809396196757
292,7.41,7.8,130.1,0.09,10.0,5475.0,1.0,58.799967480605346
293,6.23,6.91,20.56,0.2,201.0,4611.0,1.0,53.052516224829425
294,6.68,7.04,22.0,0.1,496.0,4569.0,1.0,59.6525504096386
295,7.87,7.45,35.5,0.09,160.0,4611.0,1.0,53.61935853591663
296,8.12,7.88,38.4,0.1,246.0,4352.0,1.0,61.7277977230624
297,8.13,7.21,29.1,0.1,63.0,2046.0,1.0,45.4882094194793
298,7.4,7.36,39.6,0.1,74.0,2755.0,1.0,52.006415532446304
299,7.92,7.4,22.4,0.1,143.0,3873.0,1.0,51.96961441957993
300,7.9,7.3,41.0,0.1,31.0,1723.0,2.0,56.23196332482528
301,6.76,6.77,28.0,0.1,108.0,9208.0,2.0,55.874776230453
302,6.8,7.0,48.0,0.1,52.0,5794.0,2.0,57.68407170855289
303,3.8,6.77,60.0,0.1,41.0,3873.0,2.0,67.45884009197863
304,6.75,6.92,25.0,0.1,132.0,9208.0,1.0,50.20479513459154
305,7.71,6.47,8.35,0.02,1.0,118.7,1.0,32.85262221063685
306,8.1,6.49,9.0,0.02,10.0,1989.0,1.0,31.93671940595698
307,6.5,6.07,8.1,0.04,243.0,81640.0,1.0,55.1295791918079
308,6.62,6.23,7.92,0.11,121.0,4884.0,1.0,37.65078798911507
309,7.78,6.37,10.56,0.06,63.0,1722.0,1.0,32.511901262456014
310,7.45,6.58,8.71,0.05,52.0,2909.0,1.0,37.76224998106373
311,7.57,5.9,1.89,0.09,20.0,345.0,1.0,24.109386534291577
312,6.44,6.59,7.73,0.03,52.0,2613.0,1.0,42.72695545285244
313,7.34,6.61,7.75,0.1,41.0,1850.0,1.0,38.33962423325531
314,6.4,6.63,23.8,0.1,488.0,12033.0,1.0,55.358364671132
315,7.65,6.99,8.9,0.09,74.0,2359.0,1.0,44.28603484122034
316,7.44,6.45,8.9,0.1,52.0,1956.0,1.0,35.34854180781534
317,7.57,6.82,7.99,0.1,52.0,988.0,1.0,40.93082233554644
318,7.38,6.62,9.92,0.1,41.0,1291.0,1.0,38.197529711933754
319,8.32,6.16,6.0,0.1,85.0,1664.0,1.0,26.74640077891703
320,7.41,7.06,15.0,0.1,10.0,882.0,1.0,44.91489495045543
321,6.56,5.86,12.0,0.1,146.0,2143.0,1.0,31.463795542105903
322,4.34,6.36,52.0,0.1,41.0,1421.0,1.0,48.348004989395704
323,4.38,6.56,8.0,0.1,20.0,3654.0,1.0,51.646682265690416
324,6.76,7.12,13.0,0.2,63.0,3654.0,1.0,50.88027055404066
325,8.11,6.49,19.67,0.03,3.1,135.4,1.0,31.32915807176111
326,7.1,6.03,6.0,0.03,52.0,2187.0,1.0,29.73710923481214
327,7.2,6.11,12.9,0.12,97.0,5794.0,1.0,32.450048954130324
328,6.05,6.1,9.56,0.12,171.0,9208.0,1.0,40.20148233182067
329,7.75,7.31,10.55,0.08,52.0,2481.0,1.0,48.898616128526896
330,6.61,6.16,7.5,0.03,97.0,3654.0,1.0,35.67173534667231
331,5.8,5.33,11.38,0.41,1414.0,24196.0,1.0,58.896193206388986
332,6.41,6.54,10.79,0.03,97.0,5794.0,1.0,43.70393385584894
333,7.39,6.15,5.5,0.09,41.0,1723.0,1.0,30.085118399273522
334,6.8,6.27,8.97,0.1,199.0,17329.0,1.0,41.95852121387571
335,7.66,6.48,8.72,0.1,52.0,2142.0,2.0,43.70408932222928
336,7.4,6.49,6.65,0.09,41.0,1664.0,1.0,35.9256183999024
337,8.19,6.44,7.42,0.1,10.0,1119.0,1.0,30.45174034780709
338,7.25,6.29,10.98,0.1,199.0,3076.0,1.0,36.986957049858745
339,7.21,6.56,10.31,0.1,52.0,1789.0,1.0,38.32769120899562
340,6.94,7.13,5.0,0.1,10.0,1043.0,1.0,48.424446948785125
341,8.51,6.31,8.0,0.1,134.0,9208.0,1.0,31.190223791907172
342,5.75,5.99,9.0,0.1,110.0,3654.0,1.0,37.15410802009511
343,4.57,6.95,19.0,0.1,63.0,2310.0,1.0,58.15847710233252
344,4.3,6.21,14.0,0.1,10.0,1850.0,1.0,45.337368675841056
345,6.32,6.33,8.0,0.2,41.0,5172.0,1.0,39.13294247730722
346,7.81,6.66,11.47,0.03,8.5,112.6,1.0,35.83578716074011
347,7.8,6.02,10.0,0.03,10.0,1723.0,1.0,25.164613184179718
348,6.6,6.22,9.0,0.08,309.0,10462.4,1.0,42.965407742158
349,7.1,6.21,7.5,0.07,122.0,2014.0,1.0,34.37692455855406
350,5.09,6.51,8.54,0.04,86.0,1670.0,1.0,48.37816159272154
351,6.74,6.22,8.42,0.02,30.0,337.0,1.0,33.870058796245054
352,6.18,6.66,7.27,0.02,20.0,3076.0,1.0,44.585893883106
353,7.59,6.74,8.77,0.09,73.0,1935.0,1.0,40.11942602293652
354,6.42,6.65,23.6,0.1,1281.0,6653.0,1.0,71.9679568674835
355,7.34,6.62,7.76,0.1,10.0,3654.0,1.0,38.22638876982091
356,7.77,6.9,8.9,0.09,85.0,3076.0,1.0,42.548691872603975
357,8.7,6.67,8.7,0.1,30.0,1565.0,1.0,32.531885991428226
358,7.21,6.47,10.94,0.1,413.0,3255.0,1.0,45.07915844748208
359,7.32,6.33,9.4,0.1,98.0,1935.0,1.0,34.85645944086122
360,6.74,659.0,8.0,0.1,134.0,1421.0,2.0,11375.635611018595
361,5.74,5.46,14.0,0.1,63.0,2143.0,2.0,35.48166944911213
362,4.95,6.57,8.0,0.1,31.0,1722.0,1.0,48.893897081101514
363,4.47,5.51,78.0,0.1,41.0,3873.0,1.0,33.517443047212396
364,6.16,6.54,14.0,0.2,41.0,5794.0,1.0,43.68665966233885
365,8.9,6.85,3.1,0.1,31.0,1515.0,1.0,34.70380193781744
366,6.6,5.5,5.0,0.04,144.0,2382.0,1.0,25.023329198096707
367,7.7,7.13,3.0,0.05,52.0,2187.0,2.0,54.79699111573968
368,7.2,3.87,6.0,0.02,98.0,1510.0,3.0,10.336008142461202
369,6.8,6.5,3.0,0.1,63.0,2613.0,1.0,39.682917461850735
370,7.3,6.32,6.0,0.11,31.0,1354.0,1.0,33.168140901585005
371,7.04,5.55,3.1,0.02,120.0,3654.0,1.0,23.522137240244533
372,6.9,5.72,8.1,0.02,216.0,805.0,1.0,28.641496436485323
373,7.0,5.6,3.0,0.02,10.0,1720.0,1.0,21.720074896835694
374,7.09,5.63,4.78,0.02,86.0,24192.0,1.0,28.463219588332233
375,5.9,5.42,4.69,0.08,52.0,1455.0,1.0,24.765583106028085
376,6.98,6.12,3.48,0.03,85.0,2247.0,1.0,32.619579835920966
377,6.79,5.62,7.5,0.08,110.0,2481.0,1.0,25.466506704002587
378,6.63,5.78,4.28,0.02,110.0,2142.0,1.0,28.93109956403231
379,6.27,5.44,5.19,0.42,602.0,8664.0,1.0,37.13698182012183
380,5.96,6.18,3.37,0.02,216.0,4106.0,1.0,41.87751102965017
381,6.39,5.89,4.45,0.09,41.0,5172.0,1.0,31.146249078690516
382,6.75,5.64,3.83,0.1,10.0,1439.0,2.0,32.41594994539923
383,5.95,5.69,3.95,0.7,249.0,4884.0,1.0,34.39756047905857
384,7.3,6.09,4.01,0.13,74.0,24192.0,2.0,44.035591493333314
385,6.67,5.96,4.57,0.1,86.0,2247.0,1.0,31.363855778137225
386,7.5,6.51,3.51,0.1,122.0,1722.0,1.0,37.597454259517335
387,6.86,6.7,3.68,0.1,84.0,1414.0,3.0,60.76945967228914
388,6.52,6.43,3.75,0.1,262.0,4884.0,1.0,44.72165574266837
389,5.5,6.84,7.0,0.1,74.0,3255.0,1.0,52.224937601109964
390,4.81,6.52,12.0,0.1,97.0,11199.0,2.0,61.11046323175101
391,3.88,6.33,6.0,0.1,195.0,3441.0,1.0,53.88523884729896
392,6.43,6.1,6.0,0.1,52.0,7701.0,1.0,35.4033455657518
393,5.53,5.46,6.0,0.1,317.0,6131.0,1.0,34.14172826198757
394,8.5,6.38,7.9,0.05,121.0,2755.0,1.0,30.73208156757751
395,8.8,6.02,8.0,0.02,1553.0,2419.0,1.0,54.65321461892095
396,7.3,6.37,8.0,0.11,148.0,3448.0,1.0,37.0890909131564
397,6.6,6.41,9.0,0.08,450.0,6653.0,3.0,66.24483061880694
398,9.8,5.67,6.0,0.05,272.0,6867.0,1.0,16.405583442898234
399,7.6,7.0,12.0,0.24,311.0,2648.0,1.0,50.02606750316117
400,7.19,6.03,7.7,0.02,1267.0,17329.0,1.0,59.54268479364904
401,7.27,6.01,11.4,0.02,862.0,12996.0,1.0,48.88981240224406
402,6.6,5.47,6.0,0.02,175.0,3654.0,1.0,25.46818844492742
403,6.91,5.75,6.84,0.04,7270.0,24192.0,1.0,190.39871186917725
404,6.6,6.07,4.58,0.02,275.0,5172.0,1.0,38.43109740697325
405,6.99,6.36,6.45,0.05,241.0,4352.0,1.0,40.65818440017966
406,6.49,6.27,5.53,0.05,228.0,2851.0,1.0,40.881439604792114
407,6.55,5.97,5.06,0.17,2098.0,10112.0,1.0,78.38919611265396
408,6.82,6.06,6.29,0.09,201.0,4352.0,1.0,35.38803935972449
409,5.88,6.11,4.55,0.02,332.0,7270.0,1.0,44.31496690867374
410,6.77,6.15,5.07,0.1,231.0,5794.0,2.0,47.02669251203538
411,6.02,6.02,5.7,0.1,6500.0,86640.0,1.0,196.15276229824127
412,7.33,6.26,5.5,0.09,134.0,5794.0,1.0,35.24209626520632
413,7.88,6.53,7.89,0.1,185.0,4352.0,1.0,38.093645963581416
414,6.33,6.4,10.5,0.1,960.0,10462.0,2.0,70.6500046082943
415,6.97,7.19,8.82,0.1,1081.0,17329.0,1.0,76.6280743662006
416,6.93,5.55,16.93,0.005,226.0,7270.0,1.0,27.198803842136535
417,5.91,6.33,13.0,0.1,110.0,3873.0,1.0,42.33512093226319
418,8.27,5.74,9.0,0.1,754.0,24192.0,1.0,39.488311430135056
419,5.18,5.86,114.0,0.1,109.0,4611.0,1.0,37.85281139491776
420,3.83,6.28,13.0,0.1,203.0,3873.0,2.0,62.384242763964785
421,6.23,6.28,3.0,0.1,683.0,11198.0,1.0,54.227256974141575
422,9.0,6.82,18.0,0.05,74.0,2909.0,1.0,34.95992787303218
423,8.6,6.75,21.0,0.07,488.0,2419.0,1.0,44.72565758507772
424,7.7,7.23,48.0,0.06,86.0,2310.0,1.0,48.47128461775825
425,6.9,6.03,18.0,0.11,63.0,1372.0,2.0,39.625883297165736
426,7.1,6.34,19.0,0.1,98.0,4611.0,1.0,36.682766907933065
427,7.2,6.85,26.0,0.35,171.0,9208.0,1.0,47.71550266533399
428,7.46,6.57,15.0,0.05,86.0,24196.0,1.0,43.00526736771437
429,7.4,6.74,22.9,0.05,85.0,5172.0,1.0,42.014180115618935
430,6.6,6.66,22.0,0.02,455.0,1872.0,1.0,51.92879073606374
431,7.01,6.57,48.9,0.05,369.0,7270.0,1.0,47.69478922381651
432,6.82,6.52,16.8,0.05,52.0,3654.0,1.0,39.91837349501982
433,7.16,6.98,21.3,0.04,75.0,4611.0,1.0,46.98760570288124
434,7.09,6.94,24.0,0.06,52.0,7701.0,1.0,46.80769986231717
435,6.58,6.72,16.14,0.02,109.0,2495.0,1.0,45.545928202984626
436,7.03,6.47,17.96,0.35,798.0,24196.0,1.0,59.12846937241669
437,6.53,7.19,24.8,0.02,148.0,5475.0,1.0,55.46878941541536
438,6.72,7.11,19.41,0.09,860.0,6867.0,1.0,69.23742470983468
439,6.22,6.9,20.6,0.1,185.0,3873.0,1.0,52.39872866698643
440,6.81,7.06,22.0,0.1,364.0,5794.0,2.0,65.57628579446293
441,7.13,6.16,6.93,0.09,226.0,8164.0,1.0,37.02936509953916
442,8.03,6.87,23.2,0.1,108.0,3873.0,1.0,41.46676906373436
443,7.48,6.75,22.0,0.1,20.0,3873.0,1.0,40.08219984666504
444,7.45,7.16,39.5,0.1,314.0,7701.0,1.0,54.70026295227667
445,7.23,6.81,19.88,0.1,146.0,2142.0,1.0,44.731231290674565
446,5.51,6.45,24.0,0.1,122.0,4352.0,2.0,55.56846504041046
447,6.68,6.65,73.0,0.1,97.0,7701.0,1.0,44.757704019914
448,6.34,6.59,30.0,0.1,20.0,1935.0,1.0,42.362414395430925
449,3.5,6.61,42.0,0.1,63.0,3436.0,2.0,66.51115883613004
450,6.29,6.52,16.0,0.1,85.0,15531.0,1.0,45.832170163520026
451,8.7,7.05,14.0,0.02,41.0,2142.0,1.0,39.49113653464095
452,6.8,6.45,25.0,0.08,195.0,2419.0,1.0,41.696011781581255
453,7.6,6.57,15.0,0.15,10.0,4884.0,1.0,36.386960525609695
454,6.9,6.4,15.0,0.18,10.0,232.0,2.0,44.629802946681025
455,6.6,4.04,13.0,0.12,0.0,578.0,2.0,4.95861102586291
456,6.4,6.74,22.0,0.48,168.0,3873.0,1.0,48.42124900217677
457,7.89,6.3,13.0,0.05,109.0,5172.0,1.0,32.54863783851922
458,6.84,6.51,35.5,0.03,145.0,3448.0,1.0,41.66306547858621
459,6.4,6.57,17.0,0.04,20.0,223.0,1.0,41.33831182842582
460,6.94,6.53,13.85,0.02,96.0,3873.0,1.0,40.53289928267131
461,5.62,6.2,16.21,0.08,86.0,3654.0,1.0,40.8928017877946
462,7.58,6.93,14.81,0.06,30.0,1483.0,1.0,42.411809618890224
463,7.43,6.72,19.47,0.05,63.0,2613.0,1.0,40.468770490104504
464,6.32,6.55,14.62,0.02,179.0,852.0,1.0,45.03124851178997
465,6.06,6.28,17.69,0.02,282.0,2613.0,1.0,44.26549017849856
466,5.8,6.76,16.74,0.02,161.0,3255.0,1.0,51.311838330974346
467,6.0,6.35,17.73,0.1,281.0,3609.0,1.0,45.97618183239197
468,6.05,6.77,16.54,0.1,41.0,3448.0,2.0,56.53056823336097
469,7.29,6.69,14.43,0.09,160.0,2613.0,1.0,42.77148293533604
470,7.68,6.87,19.53,0.1,20.0,1541.0,1.0,40.686239274308605
471,6.58,6.65,17.06,0.1,145.0,1430.0,2.0,53.75299862135487
472,7.2,7.25,20.75,0.1,63.0,8164.0,1.0,52.00874476946372
473,6.8,6.87,18.0,0.1,52.0,12033.0,1.0,47.94960196775215
474,6.22,6.27,16.41,0.1,110.0,4106.0,1.0,39.854624191749195
475,6.73,6.32,24.0,0.1,74.0,3076.0,1.0,37.24594987182025
476,3.78,6.79,18.0,0.1,20.0,6294.0,2.0,67.963944146495
477,6.35,6.59,193.0,0.1,41.0,1067.0,1.0,42.623022660929045
478,5.15,6.67,16.0,0.1,185.0,8664.0,1.0,54.613540405412515
479,8.9,6.02,3.8,0.02,63.0,3873.0,1.0,21.518828343099134
480,9.2,6.02,4.0,0.07,488.0,2419.0,1.0,29.164657275668652
481,7.7,6.44,19.0,0.18,10.0,24196.0,1.0,37.92741118953946
482,7.0,7.4,6.0,0.12,183.0,15531.0,2.0,68.7115085284539
483,7.7,6.2,6.0,0.1,359.0,5475.0,2.0,46.18266685309471
484,7.2,7.69,24.0,0.17,63.0,2242.0,1.0,58.343679013401584
485,7.17,5.99,4.8,0.02,199.0,5475.0,1.0,32.68549901363637
486,7.39,6.1,9.7,0.02,496.0,15507.0,1.0,42.33026667384988
487,7.2,5.75,5.0,0.02,121.0,703.0,1.0,25.59329233593494
488,6.94,5.91,42.8,0.02,663.0,19863.0,1.0,45.86441882386546
489,7.22,6.25,5.7,0.04,226.0,7701.0,1.0,38.050319748542954
490,6.64,6.14,5.1,0.02,336.0,6867.0,1.0,41.17882808525827
491,6.83,6.21,8.3,0.02,379.0,6867.0,1.0,42.432058064228514
492,6.54,5.91,5.84,0.36,1153.0,24196.0,1.0,59.62051954056528
493,5.86,6.29,4.39,0.02,259.0,7701.0,1.0,46.01529706825838
494,7.0456,6.05,5.96,0.09,278.0,4106.0,1.0,35.77864091695762
495,5.77,5.96,4.85,0.1,552.0,7270.0,2.0,55.970197048777074
496,6.55,6.17,4.42,0.1,410.0,4884.0,2.0,52.19203282740621
497,7.45,7.14,21.8,0.09,20.0,2755.0,1.0,46.74724042341245
498,7.96,6.51,5.13,0.1,189.0,2909.0,1.0,37.13019965988762
499,7.44,6.33,5.1,0.1,249.0,7270.0,2.0,47.65263894968065
500,6.85,6.69,9.21,0.1,1039.0,19863.0,1.0,68.1582353601583
501,6.31,5.72,19.9,0.1,363.0,4884.0,1.0,35.64714927840888
502,6.65,6.32,8.0,0.1,120.0,4611.0,2.0,47.837094798517974
503,5.03,5.27,28.0,0.1,122.0,24192.0,2.0,41.787878571899725
504,6.77,6.08,8.0,0.1,41.0,4611.0,1.0,32.493669615136504
505,4.38,6.43,11.0,0.1,109.0,3441.0,2.0,60.16550024763904
506,6.1,5.48,0.1,0.1,369.0,12033.0,1.0,34.20223759834289
507,7.0,6.64,16.0,0.04,83.0,1986.0,1.0,41.450892576642325
508,7.0,6.5,9.0,0.19,1624.0,9804.0,2.0,83.72079007336377
509,6.6,5.94,17.0,0.12,122.0,2700.0,1.0,32.25535657087564
510,6.6,7.31,25.0,0.31,98.0,3654.0,1.0,55.737104944451715
511,6.56,6.32,9.5,0.05,86.0,4106.0,3.0,56.25287608223294
512,7.12,6.53,20.1,0.05,8164.0,24192.0,1.0,222.71545867935717
513,7.4,6.49,10.0,0.02,31.0,684.0,1.0,35.48052996711935
514,6.88,6.08,9.49,0.06,63.0,4884.0,1.0,32.50770742837474
515,6.34,6.24,10.17,0.1,145.0,2755.0,1.0,39.230798464512155
516,7.83,7.29,14.9,0.07,31.0,2187.0,1.0,47.6366701639393
517,7.41,6.7,19.48,0.05,41.0,1541.0,1.0,39.493746290165895
518,6.08,6.59,14.13,0.02,62.0,548.0,1.0,44.2235273528644
519,6.07,6.41,15.83,0.21,86.0,2723.0,1.0,42.18096128760285
520,6.09,6.8,18.36,0.02,110.0,2909.0,1.0,49.4060940625884
521,7.06,6.86,14.62,0.09,63.0,1723.0,1.0,44.48514740825897
522,5.71,6.34,17.28,0.1,275.0,4352.0,1.0,47.22932833695009
523,7.15,6.84,16.89,0.1,52.0,2247.0,2.0,52.43126381572915
524,7.59,6.79,9.38,0.09,350.0,3076.0,1.0,47.370013748578735
525,7.61,6.78,19.51,0.1,52.0,1723.0,1.0,40.209308336673395
526,6.64,6.63,16.93,0.1,97.0,1576.0,1.0,43.23511053498699
527,7.14,7.27,20.56,0.1,97.0,7270.0,1.0,53.19908576025187
528,5.92,6.33,12.59,0.1,41.0,1873.0,1.0,40.31732470516701
529,6.46,6.4,10.0,0.1,20.0,571.0,2.0,47.033088957478775
530,6.1,6.6,28.0,0.1,41.0,2602.0,2.0,53.154629550437306
531,6.84,6.75,13.0,0.1,31.0,683.0,2.0,51.54879995684485
532,4.87,6.8,26.0,0.1,20.0,1793.0,2.0,61.89928350282354
533,4.71,6.49,24.0,0.1,96.0,11199.0,1.0,52.19925155570985
534,8.9,7.4,7.4,0.06,197.0,2098.0,1.0,48.04943182351777
535,7.4,6.71,12.0,0.02,312.0,2419.0,1.0,45.90210628047274
536,8.4,7.2,8.0,0.16,110.0,2909.0,1.0,45.248682335286496
537,7.4,4.26,10.0,0.19,63.0,2481.0,2.0,6.750758855751098
538,7.0,5.94,12.0,0.12,75.0,3076.0,1.0,29.37296276358466
539,7.91,6.18,9.0,0.06,218.0,4884.0,1.0,32.71824240983535
540,6.81,6.37,17.5,0.06,233.0,4106.0,1.0,41.46977873269741
541,8.3,5.96,10.0,0.05,20.0,235.0,1.0,21.611910732273678
542,7.09,6.09,20.7,0.08,109.0,4884.0,1.0,32.693642368552865
543,6.0,6.1,12.34,0.08,108.0,2613.0,1.0,37.58457141074318
544,7.73,6.36,12.54,0.09,132.0,1107.0,1.0,33.9734827171146
545,7.96,6.24,9.84,0.02,98.0,2909.0,1.0,30.422227236773118
546,6.04,6.07,11.3,0.38,151.0,2282.0,1.0,37.78232810538244
547,6.31,6.86,9.74,0.06,201.0,4352.0,1.0,51.72477496947835
548,7.22,6.89,9.07,0.09,359.0,1439.0,1.0,50.72259958506484
549,7.42,6.38,9.38,0.1,10.0,10.0,2.0,41.72185987529167
550,6.16,6.23,11.58,0.1,414.0,6131.0,1.0,46.623675376936816
551,7.45,6.59,9.66,0.12,171.0,5475.0,2.0,49.997167012550776
552,7.52,6.74,9.71,0.1,110.0,2481.0,1.0,41.397144523445775
553,6.88,6.6,10.97,0.1,146.0,2187.0,1.0,42.77805523880957
554,5.99,6.4,10.91,0.1,109.0,3076.0,2.0,51.81838908992094
555,6.33,7.11,9.0,0.1,240.0,1631.0,2.0,65.08507099917605
556,6.08,6.2,20.0,0.1,146.0,5172.0,2.0,49.1986699044214
557,4.29,6.9,13.0,0.1,41.0,3255.0,2.0,67.21073836683449
558,7.58,6.81,12.0,0.1,74.0,1014.0,2.0,50.05476740097512
559,5.66,6.22,12.0,0.1,275.0,24192.0,1.0,49.77650565097764
560,8.9,7.16,8.4,0.1,30.0,1100.0,2.0,48.82382030740782
561,7.4,6.73,11.0,0.03,49.0,2419.0,1.0,40.429852397626696
562,8.1,7.04,8.0,0.11,31.0,1019.0,1.0,41.742807406419836
563,7.4,4.55,11.0,0.26,85.0,2603.0,2.0,12.30605260848322
564,6.7,6.11,15.0,0.12,52.0,1112.0,1.0,32.82397683289229
565,6.74,6.4,12.0,0.07,61.0,5172.0,1.0,38.7566309406818
566,7.18,6.68,15.3,0.04,110.0,4611.0,1.0,42.457491523393784
567,8.3,6.59,9.0,0.02,20.0,139.0,1.0,32.5221345423485
568,6.95,6.23,11.76,0.06,256.0,5475.0,1.0,39.17694519602615
569,5.9,6.3,11.76,0.1,839.0,4884.0,1.0,58.2189645876167
570,7.65,6.75,9.88,0.06,85.0,2427.0,1.0,40.375752605241004
571,7.59,6.71,9.0,0.05,20.0,1317.0,1.0,38.28472191476968
572,7.18,6.43,11.45,0.02,10.0,1860.0,1.0,35.29334670577183
573,5.56,6.2,12.55,0.36,41.0,24196.0,1.0,44.761389488770725
574,6.63,6.86,11.71,0.03,52.0,3448.0,1.0,46.68496201710388
575,7.19,6.86,9.01,0.09,408.0,3448.0,1.0,51.8751835191884
576,5.34,6.28,14.41,0.1,20.0,4106.0,1.0,42.26964751062669
577,7.24,6.53,12.35,0.1,20.0,110.0,2.0,45.43548239058603
578,7.65,6.98,9.63,0.09,31.0,2359.0,2.0,52.01314038681164
579,6.56,6.63,14.9,0.1,399.0,5172.0,2.0,59.950807663142704
580,8.24,6.9,12.28,0.1,41.0,2359.0,1.0,39.156986865068596
581,7.75,7.07,13.15,0.1,97.0,24192.0,2.0,59.38836374353373
582,5.22,6.34,11.53,0.1,52.0,1403.0,1.0,43.99773532997204
583,5.43,7.16,12.0,0.1,10.0,733.0,2.0,64.99473204533082
584,2.9,5.95,32.0,0.1,120.0,15531.0,1.0,53.02579256372935
585,4.52,6.95,11.0,0.1,20.0,2755.0,2.0,66.39624808680672
586,7.5,7.01,13.0,0.1,10.0,443.0,2.0,52.36857924505309
587,5.72,6.13,12.0,0.1,256.0,24192.0,1.0,47.50523566516518
588,8.6,7.13,8.3,0.06,20.0,1374.0,1.0,40.72921050171223
589,7.2,6.86,11.0,0.02,31.0,1119.0,1.0,42.961329248686624
590,7.7,6.75,8.0,0.09,20.0,987.0,1.0,38.380923108076836
591,7.2,4.5,12.0,0.3,10.0,1296.0,2.0,10.455962371163416
592,6.5,5.96,16.0,0.13,41.0,375.0,1.0,30.777380192733613
593,6.96,6.5,11.0,0.05,97.0,5475.0,1.0,40.29527326661055
594,7.2,6.63,16.6,0.04,132.0,4611.0,1.0,41.98057235084918
595,7.2,6.6,10.0,0.02,10.0,836.0,1.0,37.920898792773635
596,7.02,6.31,12.14,0.07,10.0,11199.0,1.0,36.052609985136066
597,5.87,6.32,11.75,0.1,110.0,4611.0,1.0,42.51703227839381
598,7.67,6.78,9.78,0.04,31.0,1333.0,1.0,39.36089760894162
599,7.51,6.81,9.06,0.03,52.0,1670.0,1.0,41.189422830950306
600,6.98,6.49,12.21,0.02,41.0,1935.0,1.0,37.999764015573305
601,5.2,6.24,13.84,0.2,4352.0,12033.0,1.0,139.88239849342665
602,6.62,6.92,11.73,0.02,41.0,2613.0,1.0,47.34518733243837
603,7.51,7.11,8.59,0.09,10.0,1259.0,1.0,45.38257606997678
604,5.12,6.39,14.26,0.1,10.0,5794.0,1.0,45.38955635758743
605,7.75,7.28,9.0,0.09,52.0,1541.0,1.0,48.170628402241846
606,7.76,7.01,10.81,0.1,20.0,833.0,1.0,42.57274541217926
607,6.57,6.68,14.66,0.1,109.0,1106.0,1.0,44.60077932831681
608,7.48,7.53,12.19,0.1,63.0,3448.0,1.0,54.47611050102746
609,4.97,6.35,11.22,0.1,52.0,3654.0,1.0,45.87212393956825
610,5.8,6.92,10.0,0.1,41.0,2247.0,2.0,60.0696334369169
611,6.21,6.5,19.0,0.1,63.0,4352.0,1.0,42.909754861104126
612,4.67,6.71,14.0,0.1,41.0,2613.0,2.0,61.9428807478252
613,5.73,6.91,12.0,0.1,41.0,2187.0,1.0,51.367874710575364
614,7.6,7.57,12.0,0.13,10.0,8164.0,1.0,54.467077814560305
615,6.9,6.58,14.0,0.06,20.0,2419.0,1.0,39.59391908492062
616,7.2,5.33,15.0,0.17,41.0,6867.0,2.0,26.767724373271975
617,6.8,6.18,15.0,0.08,20.0,2451.0,1.0,33.14166382971825
618,6.54,6.54,14.9,0.07,644.0,19863.0,1.0,58.30257529862026
619,6.93,6.68,18.4,0.05,108.0,2382.0,1.0,43.12445894222912
620,7.4,5.31,12.0,0.02,31.0,629.0,1.0,14.987430858116795
621,6.59,6.27,17.24,0.1,52.0,19863.0,1.0,40.27827585815593
622,7.69,6.8,9.81,0.07,41.0,987.0,1.0,39.759838128405036
623,7.5,6.85,9.05,0.04,10.0,2359.0,1.0,41.1559119178526
624,7.26,6.42,11.36,0.02,10.0,1374.0,1.0,34.627327950677916
625,7.69,6.8,9.81,0.07,41.0,987.0,1.0,39.759838128405036
626,7.5,6.85,9.05,0.04,10.0,2359.0,1.0,41.1559119178526
627,7.26,6.42,11.36,0.02,10.0,1374.0,1.0,34.627327950677916
628,5.4,6.2,11.79,0.9,3448.0,12997.0,1.0,118.50952451689425
629,6.69,6.97,11.79,0.02,63.0,3448.0,1.0,48.547944351999064
630,7.66,7.09,8.48,0.09,10.0,2098.0,1.0,44.499443008361595
631,7.37,6.83,11.03,0.1,10.0,374.0,1.0,41.00190037203156
632,5.2,6.39,14.02,0.1,41.0,4160.0,1.0,45.32905867689757
633,7.95,7.63,7.95,0.09,10.0,2755.0,1.0,52.62238140891804
634,6.16,6.67,16.37,0.1,63.0,1793.0,1.0,45.534111141227484
635,7.92,6.54,14.06,0.1,10.0,1529.0,1.0,33.57860536496294
636,7.4,7.43,14.99,0.1,10.0,1664.0,2.0,60.4103030440177
637,5.16,7.28,13.24,0.1,31.0,363.0,1.0,59.9075462062034
638,5.68,6.93,13.0,0.1,41.0,2613.0,2.0,60.90217716924536
639,4.02,6.42,16.0,0.1,20.0,4352.0,2.0,59.95698269433517
640,6.58,6.69,29.0,0.1,41.0,1553.0,2.0,52.175594403581215
641,5.55,6.64,35.0,0.1,63.0,8664.0,1.0,49.47276312207432
